<?xml version="1.0" encoding="UTF-8" standalone="yes"?>
<addon id="plugin.program.GuestBuild" name="Guest Build" version="0.1.7.1" provider-name="Guest Build">
  <requires>
    <import addon="xbmc.python" version="2.1.0"/>
  </requires>
  <extension point="xbmc.python.pluginsource" library="default.py">
    <provides>executable</provides>
  </extension>
  <extension point="xbmc.service" library="startup.py" start="startup" />
  <extension point="xbmc.addon.metadata">
    <summary lang="en">Guest Build</summary>
    <description lang="en">Guest Build Wizard allows you to get access to the latest Guest Build Custom Builds.</description>
    <platform>all</platform>
  </extension>
</addon>