<?xml version="1.0" encoding="UTF-8" standalone="yes"?>
<addon id="plugin.video.GuestBuild" name="Guest Build" version="2.0.5" provider-name="Guest">
  <requires>
    <import addon="xbmc.python" version="2.1.0"/>
  </requires>
  <extension point="xbmc.python.pluginsource" library="default.py">
        <provides>video executable</provides>
  </extension>
  <extension point="xbmc.addon.metadata">
    <summary lang="en">Guest Build</summary>
    <description lang="en">First Build</description>
    <platform>all</platform>
  </extension>
</addon>
